key	value
10000635-joel_michaely	0
10001860-sam_harris	1
10002254-masi_oka	2
10004441-rob_garrison	3
1000812-kenny_baker	4
1001257-peter_berg	5
1002220-michael_byrne	6
1003427-brian_cox	7
1003881-philip_davis	8
1004732-chris_elliott	9
1005301-robert_forster	10
1006013-keith_gordon	11
1006628-richard_harris	12
1007364-ian_hunter	13
1007769-ben_johnson	14
1008767-jessica_lange	15
1008946-christopher_lee	16
1009134-richard_lewis	17
1010703-john_mills	18
1010988-masayuki_mori	19
1011039-david_morse	20
1011621-j_pat_omalley	21
1011963-michael_parks	22
1014038-george_segal	23
1014472-charles_smith	24
1014905-james_stewart	25
1015317-elizabeth_taylor	26
1015742-michael_tucker	27
1016342-david_warner	28
1016976-ben_wright	29
1018848-steve_harris	30
1019197-john_bloom	31
1020576-john_finn	32
1022918-andrew_davis	33
1026966-tone_loc	34
1027569-icet	35
1029143-marc_anthony	36
1033789-michelle_williams	37
1044156-king_donovan	38
1045105-todd_phillips	39
1048166-shawn_levy	40
1053077-graham_greene	41
1053644-david_cross	42
1054339-robert_bauer	43
1054969-pamela_gray	44
1055159-michael_moore	45
1055355-chris_ellis	46
1055423-steve_perry	47
1057099-hugo_haas	48
1057995-gerry_becker	49
1058012-john_cassini	50
1058893-alan_marshall	51
1060389-peter_greene	52
1062172-charles_farrell	53
1062213-james_brown	54
1063598-marian_seldes	55
1064713-helena_kallianiotes	56
1065320-richard_jones	57
1067005-tom_wright	58
1072828-john_hoyt	59
1087418-jerry_adler	60
1088175-martin_donovan	61
1103735-sting	62
1119673-eric_roberts	63
1129369-tom_green	64
1129989-helene_de_fougerolles	65
1131130-anthony_anderson	66
1132769-paul_schneider	67
1132960-ja_rule	68
1135469-jamie_bell	69
1135585-tommy_flanagan	70
1137982-don_johnson	71
1143335-john_hamilton	72
1144556-diane_lane	73
1144643-james_burke	74
1147972-franky_g	75
1150240-wayne_kramer	76
1151937-logan_lerman	77
1153471-patrick_wilson	78
1156997-reno	79
1157448-robert_clark	80
1167337-milo_ventimiglia	81
1167802-kate_mara	82
1168943-paul_scheer	83
1170066-kevin_dunn	84
1171622-eddie_jones	85
1174362-holly_valance	86
1174386-mark_ivanir	87
1177693-jessica_stroup	88
1177928-kathryn_hahn	89
1178113-peter_gallagher	90
1179315-jimmy_jean_louis	91
1179958-deborah_theaker	92
1180560-alex_neuberger	93
1181059-chris_messina	94
1181330-jim_davis	95
1181353-yul_vazquez	96
1181454-bryan_bertino	97
1181987-gemma_ward	98
1183366-michael_kelly	99
1186730-chad_lindberg	100
1192565-richard_bull	101
1193727-gabriel_noble	102
1196862-nick_gomez	103
1198302-lucy_gordon	104
1198969-liz_smith	105
1208659-jason_lee	106
1209748-juan_fernandez	107
162659443	108
162693957	109
770781823	110
aaron_eckhart	111
aaron_lustig	112
aaron_michael_lacey	113
aaron_norris	114
aaron_sillis	115
aaron_staton	116
abbie_cornish	117
abel_ferrara	118
abhijati_jusakul	119
adam-aleximalle	120
adam_arlukiewicz	121
adam_brody	122
adam_garcia	123
adam_goldberg	124
adam_hannbyrd	125
adam_lavorgna	126
adam_pudney	127
adam_sandler	128
adam_trese	129
adewale_akinnouyeagbaje	130
adia_beckford	131
adrian-scarborough	132
adrian_lester	133
adrien_brody	134
adrienne_howe	135
adrienne_shelly	136
agnes_jaoui	137
agnes_varda	138
agnieszka_holland	139
aharon-ipale	140
aida_turturro	141
aidan_quinn	142
aimee_graham	143
aisha_tyler	144
aixa_clemente	145
ajay_naidu	146
akemi-negishi	147
akira_kurosawa	148
al_israel	149
al_pacino	150
al_scott	151
al_stetson	152
al_waxman	153
alain_chabat	154
alain_resnais	155
alan-badel	156
alan-blumenfeld	157
alan_alda	158
alan_arkin	159
alan_bates	160
alan_cumming	161
alan_dale	162
alan_hale	163
alan_j_pakula	164
alan_king	165
alan_marshal	166
alan_reed	167
alan_reed_sr	168
alan_rickman	169
alan_ruck	170
alan_rudolph	171
alan_young	172
albert_brooks	173
albert_carrier	174
albert_delpy	175
albert_finney	176
albert_paulsen	177
albie-woodington	178
alec-roberts	179
alec_baldwin	180
alec_guinness	181
alec_mann	182
aleksandra_grdic	183
alessandro_nivola	184
alex-norton	185
alex_d_linz	186
alex_fisher	187
alex_frost	188
alex_jennings	189
alex_layton	190
alex_oloughlin	191
alex_rocco	192
alexandra_holden	193
alexis_arquette	194
alexis_dziena	195
alfie_owen	196
alfonso_cuaron	197
alfre_woodard	198
ali_larter	199
alice_krige	200
alicia_silverstone	201
alicia_witt	202
alimi_ballard	203
alison_elliott	204
alison_lohman	205
alison_sealy_smith	206
alison_skilbeck	207
alison_steadman	208
alix_koromzay	209
allen_covert	210
allen_garfield	211
allen_jenkins	212
allison_janney	213
alma_felix	214
alphonse_philippe_mouzon	215
alvin_keith	216
alyson_hannigan	217
alyson_reed	218
alyson_stoner	219
alyssa_milano	220
amanda_donohoe	221
amanda_plummer	222
amanda_smith	223
amanda_swisten	224
amber_heard	225
amber_tamblyn	226
amer_isanovic	227
amie_carey	228
amit_yogev	229
amma_agyapon	230
amy-aquino	231
amy_adams	232
amy_brenneman	233
amy_irving	234
amy_lawson	235
amy_matysio	236
amy_smart	237
amy_v_dewhurst	238
amy_wilson	239
amy_yasbeck	240
ana_gasteyer	241
anais_martinez	242
andre_dussollier	243
andre_gregory	244
andre_morell	245
andre_techine	246
andrea-corr	247
andreas_katsulas	248
andrew_adamson	249
andrew_airlie	250
andrew_bergman	251
andrew_bradford	252
andrew_carmichael	253
andrew_charles_corbett	254
andrew_dominik	255
andrew_fleming	256
andrew_garfield	257
andrew_j_lederer	258
andrew_marton	259
andrew_mccarthy	260
andrew_tiernan	261
andy_dick	262
andy_garcia	263
andy_richter	264
andy_romano	265
andy_serkis	266
andy_umberger	267
ang_lee	268
angel_salazar	269
angela-aames	270
angela_bassett	271
angela_curran	272
angela_featherstone	273
angela_lansbury	274
angela_sun	275
angelina_jolie	276
angelina_pelaez	277
angelo_spizzirri	278
angie_dickinson	279
anita_gillette	280
anjelicahuston	281
anjul-nigam	282
ann_cusack	283
ann_doran	284
ann_magnuson	285
ann_robinson	286
ann_thomas	287
anna_faris	288
anna_galiena	289
anna_karina	290
anna_katarina	291
anna_mangano	292
anna_may_wong	293
anna_paquin	294
anna_shin	295
annabel_porter	296
annabella_sciorra	297
annabeth_gish	298
annalene_beechey	299
anne-reid	300
anne_archer	301
anne_bancroft	302
anne_bobby	303
anne_francis	304
anne_heche	305
annette_bening	306
annette_crosbie	307
annie-corley	308
annie_parisse	309
annie_potts	310
annika_strandberg	311
annmargret	312
anthony_daniels	313
anthony_drazan	314
anthony_harvey	315
anthony_heald	316
anthony_holland	317
anthony_hopkins	318
anthony_lapaglia	319
anthony_lewis	320
anthony_mann	321
anthony_michael_hall	322
anthony_odonnell	323
anthony_perkins	324
anthony_rapp	325
anthony_ruivivar	326
anthony_zerbe	327
antoine_fuqua	328
antoni_corone	329
antonio_banderas	330
antony_carrick	331
arabella-field	332
archie_hahn_iii	333
arden-myrin	334
ari_libsker	335
ariana_richards	336
arielle_dombasle	337
arif_alaibegovic	338
arlene_reeder	339
arliss_howard	340
armin_muellerstahl	341
arnaldo_salazar	342
arnold_schwarzenegger	343
arnold_vosloo	344
arron_shiver	345
art_chudabala	346
art_evans	347
art_frankel	348
art_garfunkel	349
arthur-j-nascarella	350
arthur_anderson	351
arthur_french	352
arthur_hohl	353
arthur_kennedy	354
arthur_lowe	355
arye_gross	356
ashley_giancola	357
ashley_judd	358
ashley_peldon	359
ashley_scott	360
ashley_tisdale	361
ashley_wallen	362
ashton_kutcher	363
asia_argento	364
atsushi_watanabe	365
aubrey_lee_culp	366
aunjanue_ellis	367
austin_pendleton	368
autumn_reeser	369
ava_lazar	370
azura_skye	371
balthazar_getty	372
barak-heymann	373
barbara_bates	374
barbara_hershey	375
barbara_peterson_davis	376
barbara_williams	377
barnard_hughes	378
barry_del_sherman	379
barry_flatman	380
barry_kelley	381
barry_levinson	382
barry_norton	383
barry_pepper	384
barry_sonnenfeld	385
bart_johnson	386
barton_maclane	387
basil_hoffman	388
baziga	389
bd_wong	390
beatrice_maude	391
beau_starr	392
bebe_neuwirth	393
becki_newton	394
bela_lugosi	395
belinda_bauer	396
bellina_logan	397
ben-frommer	398
ben_affleck	399
ben_baker	400
ben_chaplin	401
ben_foster	402
ben_gant	403
ben_garner	404
ben_gazzara	405
ben_kingsley	406
ben_stein	407
ben_stiller	408
benempinga	409
benicio_del_toro	410
benjamin_bratt	411
benjamin_walker	412
bernard_bloch	413
bernard_fox	414
bernard_hill	415
bernie_kuby	416
bernie_littlewolf	417
bernie_mac	418
bert_freed	419
bert_parks	420
bess_flowers	421
beth_grant	422
beth_sheather	423
betsy_brantley	424
bette_midler	425
beverly_garland	426
beverly_todd	427
biff_elliot	428
bilal_bishop	429
bill-buell	430
bill-irwin	431
bill_bellamy	432
bill_chott	433
bill_cobbs	434
bill_condon	435
bill_cosby	436
bill_duke	437
bill_farmer	438
bill_lewin	439
bill_nighy	440
bill_paxton	441
bill_pullman	442
bill_raymond	443
bill_sadler	444
bill_smitrovich	445
billie_whitelaw	446
billy-hopkins	447
billy_bob_thornton	448
billy_connolly	449
billy_crudup	450
billy_crystal	451
billy_dee_williams	452
billy_drago	453
billy_gallo	454
billy_green_bush	455
billy_idol	456
billy_lloyd	457
billy_lucas	458
billy_wilder	459
billy_zane	460
bindu_de_stoppani	461
bj_barie	462
blair_underwood	463
blake_clark	464
blake_clayfield	465
blake_woodruff	466
blue-deckert	467
blythe_danner	468
bob_balaban	469
bob_dolman	470
bob_newhart	471
bob_rafelson	472
bob_swan	473
bobby_cannavale	474
bobby_harwell	475
bobby_steggert	476
bobby_watson	477
bokuzen_hidari	478
bombardier_billy_wells	479
bonjovi	480
bonnie_bedelia	481
bonnie_hunt	482
bonnie_mckee	483
bonnie_somerville	484
boots_southerland	485
boyd-gaines	486
boyd_banks	487
brad_anderson	488
brad_dourif	489
brad_garrett	490
brad_henke	491
brad_pitt	492
brad_renfro	493
brad_sullivan	494
bradley_cooper	495
brandon_irons	496
brandon_molale	497
brandon_olive	498
branko_smiljanic	499
breckin_meyer	500
brenda_blethyn	501
brenda_vaccaro	502
brendan_burns	503
brendan_fraser	504
brendan_gleeson	505
brendan_sexton_iii	506
brent_briscoe	507
brent_kinsman	508
brent_spiner	509
bret_roberts	510
brett_delbuono	511
brett_ratner	512
brian-reddy	513
brian-tarantina-ii	514
brian_blessed	515
brian_davies	516
brian_de_palma	517
brian_doylemurray	518
brian_george	519
brian_glover	520
brian_henson	521
brian_kerwin	522
brian_kolodziej	523
brian_markinson	524
brian_pettifer	525
brian_van_holt	526
brian_wheeler	527
brian_white	528
bridget_fonda	529
bridget_moynahan	530
bridgette_wilson	531
brinke_stevens	532
brittany_murphy	533
brittney_powell	534
bronson_pinchot	535
brooke_smith	536
brooklyn_proulx	537
bruce_a_young	538
bruce_altman	539
bruce_balden	540
bruce_bohne	541
bruce_campbell	542
bruce_davison	543
bruce_dern	544
bruce_e_holdstein	545
bruce_greenwood	546
bruce_malmuth	547
bruce_mcculloch	548
bruce_mcgill	549
bruce_norris	550
bruce_reitherman	551
bruce_willis	552
bruno_barreto	553
bruno_kirby	554
bruno_thost	555
bryan_brown	556
bryan_fagerstrom	557
bryan_friday	558
bryan_white	559
bryce_dallas_howard	560
bryon_weiss	561
buck_kartalian	562
bud_cort	563
budd_fine	564
burt_mustin	565
burt_reynolds	566
burt_young	567
buster_keaton	568
byron_foulger	569
byron_minns	570
c_ernst_harth	571
caesar_cordova	572
callie_thorne	573
callum_keith_rennie	574
calvin_bliid	575
cameron_alexander	576
cameron_bright	577
cameron_crowe	578
cameron_diaz	579
cameron_finley	580
camilla_belle	581
campbell_scott	582
camryn_manheim	583
candice_bergen	584
candice_evans	585
carl-ciarfalio	586
carl_brisson	587
carl_chase	588
carl_duering	589
carl_franklin	590
carl_milletaire	591
carl_reiner	592
carl_weathers	593
carla_gugino	594
carlos_alberto_lopez	595
carlos_carrasco	596
carlos_cestero	597
carlos_gomez	598
carlos_otero	599
carmen_ejogo	600
carmen_electra	601
carmen_guerrero	602
carol_burnett	603
carol_kane	604
caroline_aaron	605
caroline_lynn	606
carolyn_jones	607
carrie_fisher	608
carrie_preston	609
carroll_baker	610
carroll_ballard	611
cary_elwes	612
cary_grant	613
caryhiroyuki_tagawa	614
casey_affleck	615
casey_siemaszko	616
casper_cornish	617
cate_blanchett	618
catherine_campion	619
catherine_deneuve	620
catherine_keener	621
catherine_kellner	622
catherine_lough_haggquist	623
catherine_ohara	624
catherine_paolone	625
catherine_scorsese	626
catherine_zetajones	627
cathy_moriarty	628
cathy_shim	629
cch_pounder	630
cecelia_lipson	631
cecil_humphreys	632
cecil_kellaway	633
cecilia_antoinette	634
cedric_hardwicke	635
cedric_the_entertainer	636
celia-weston	637
celia_imrie	638
celine_dion	639
chad_dowdell	640
chad_mcqueen	641
chad_stuart	642
chandler_williams	643
chandra_west	644
chang_chen	645
channing_tatum	646
charlayne_woodard	647
charles_andre	648
charles_belcher	649
charles_dance	650
charles_drake	651
charles_durning	652
charles_evans	653
charles_gerrard	654
charles_henry_smith	655
charles_laughton	656
charles_levin	657
charles_mack	658
charles_matthau	659
charles_phillips	660
charles_s_dutton	661
charles_schneider	662
charles_scorsese	663
charlie-mcdermott	664
charlie_finn	665
charlie_hunnam	666
charlie_sheen	667
charlize_theron	668
charlotte_rampling	669
charlotte_stewart	670
charlotte_zucker	671
charlton_heston	672
chazz_palminteri	673
cheech_marin	674
chelcie_ross	675
cherry_jones	676
chi_mcbride	677
chiara_mastroianni	678
chieko_higashiyama	679
china-kantner	680
chiwetel-ejiofor	681
chloe_sevigny	682
chloe_webb	683
chow_yun_fat	684
chris-marquette	685
chris_cioffi	686
chris_cooper	687
chris_hemsworth	688
chris_isaak	689
chris_jarvis	690
chris_kattan	691
chris_klein	692
chris_ludacris_bridges	693
chris_masterson	694
chris_mulkey	695
chris_odonnell	696
chris_overton	697
chris_penn	698
chris_rock	699
chris_sarandon	700
chris_thomas_king	701
chris_tucker	702
chris_warren	703
chris_weitz	704
chris_worsey	705
christian_bale	706
christian_clavier	707
christian_coulson	708
christian_slater	709
christina_applegate	710
christina_cabot	711
christina_pickles	712
christina_ricci	713
christine_baranski	714
christine_cavanaugh	715
christine_lahti	716
christine_taylor	717
christopher-carley	718
christopher-kriesa	719
christopher_adamson	720
christopher_cousins	721
christopher_darga	722
christopher_eccleston	723
christopher_george_marquette	724
christopher_guest	725
christopher_john_fields	726
christopher_mcdonald	727
christopher_meloni	728
christopher_muncke	729
christopher_penn	730
christopher_plummer	731
christopher_sayour	732
christopher_walken	733
chuck-montgomery	734
chuck_hicks	735
chuck_jeffreys	736
chuck_norris	737
chuck_russell	738
chuck_stubbings	739
chuck_tamburro	740
ciaran_hinds	741
cicely_tyson	742
cindy_pickett	743
claire_danes	744
claire_forlani	745
claire_goodman	746
clancy_brown	747
clare_greet	748
clarence_williams_iii	749
clark_gregg	750
claude_rich	751
clif_stokes	752
cliff_curtis	753
cliff_osmond	754
clifford_a_pellow	755
clifford_david	756
clifton_collins_jr	757
clint_e_lilley	758
clint_eastwood	759
clint_howard	760
clinton_goldsmith	761
clive_mantle	762
clive_owen	763
cloris_leachman	764
clyde_bruckman	765
clyde_kusatsu	766
cole_hauser	767
cole_williams	768
coleen_maloney	769
colin_blakely	770
colin_farrell	771
colin_firth	772
colin_hanks	773
colin_salmon	774
colleen-fitzpatrick	775
colleen_camp	776
collin_chou	777
colm_feore	778
conchata_ferrell	779
connie-ray	780
connie_nielsen	781
conrad_roberts	782
conrad_vernon	783
constance_towers	784
coolio	785
corbin_allred	786
corbin_bleu	787
corey_johnson	788
corey_stoll	789
corey_yuen	790
corp_munto_anampio	791
costagavras	792
courteney_cox	793
courtney_hunt	794
craig-bruhnanski	795
craig-davis	796
craig-hall	797
craig-olejnik	798
craig_bierko	799
craig_brunanski	800
craig_henne	801
craig_johnson	802
craig_kelly	803
craig_kirkwood	804
craig_t_nelson	805
creighton_hale	806
crystal_a_elliott	807
cuba_gooding_jr	808
curt-bois	809
curtis_hanson	810
curtis_plagge	811
cyd_charisse	812
cynthia-oneal	813
cynthia_burr	814
cynthia_nixon	815
cynthia_stevenson	816
dabbs_greer	817
dabney_coleman	818
dagmara_dominczyk	819
daisy_belmore	820
dakota_fanning	821
dale_dickey	822
dale_dye	823
damian_jones	824
damien_jackson	825
damien_lee_stirk	826
damir_kukulj	827
damir_saban	828
dan_aykroyd	829
dan_butler	830
dan_fogler	831
dan_foster	832
dan_hedaya	833
dan_joffre	834
dan_mccann	835
dan_ziskie	836
dana_anderson	837
dana_carvey	838
dana_delany	839
dana_wynter	840
dandy_nichols	841
dane_garretson	842
daniel_auteuil	843
daniel_benzali	844
daniel_bryan_corkill	845
daniel_caltagirone	846
daniel_cudmore	847
daniel_dae_kim	848
daniel_desanto	849
daniel_dion	850
daniel_franzese	851
daniel_hugh_kelly	852
daniel_rodgers	853
daniel_stern	854
daniel_villarreal	855
daniel_von_bargen	856
daniel_webb	857
daniel_wesley	858
daniel_york	859
danielle_darrieux	860
danny_boyle	861
danny_devito	862
danny_dyer	863
danny_elfman	864
danny_huston	865
danny_kaye	866
danny_kortchmar	867
danny_masterson	868
danny_nelson	869
danny_nucci	870
danny_trejo	871
danny_webb	872
darlene_carr	873
darrell_orydzuk	874
darren_boyd	875
darren_shahlavi	876
darrie_lawrence	877
darryl_chan	878
daryl_hannah	879
daryl_mitchell	880
dash_mihok	881
dato_bakhtadze	882
dave_chappelle	883
dave_foley	884
dave_goelz	885
dave_holmes	886
dave_tosh	887
daveigh_chase	888
david-st-james	889
david-warshofsky	890
david_alan_basche	891
david_arneil	892
david_arquette	893
david_brown_jr	894
david_caruso	895
david_christo	896
david_conrad	897
david_cronenberg	898
david_de_lange	899
david_denman	900
david_dorfman	901
david_dukes	902
david_fincher	903
david_foley	904
david_gianopoulos	905
david_gilbert	906
david_harbour	907
david_hemmings	908
david_kaff	909
david_kasday	910
david_koechner	911
david_kriegel	912
david_krumholtz	913
david_langham	914
david_lislegard	915
david_lynch	916
david_mamet	917
david_manners	918
david_naughton	919
david_niven	920
david_o_russell	921
david_ogden_stiers	922
david_oxley	923
david_paymer	924
david_povall	925
david_proval	926
david_prowse	927
david_ramsey	928
david_rasche	929
david_raynr	930
david_rudman	931
david_schofield	932
david_schwimmer	933
david_sharpe	934
david_solomini	935
david_steen	936
david_strathairn	937
david_stratton	938
david_suchet	939
david_thewlis	940
david_threlfall	941
david_twohy	942
david_vadim	943
david_wayne	944
david_zucker	945
davidpatrickohara	946
dawn_addams	947
dawn_collins	948
dean_jagger	949
dean_parisot	950
dean_stockwell	951
debbie_reynolds	952
debi_mazar	953
deborah_bundy	954
deborah_harry	955
deborah_kara_unger	956
deborah_kerr	957
deborah_rush	958
debra_jo_rupp	959
debra_messing	960
debra_monk	961
del_pentecost	962
delroy_lindo	963
denis-ohare	964
denis_forest	965
denis_lavant	966
denis_lawson	967
denis_leary	968
denis_quilley	969
denise_crosby	970
denise_richards	971
dennis_boutsikaris	972
dennis_e_garber	973
dennis_farina	974
dennis_franz	975
dennis_holahan	976
dennis_hopper	977
dennis_miller	978
dennis_ross	979
denzel_washington	980
deray_davis	981
derek_jacobi	982
derek_luke	983
derek_mitchell	984
dermot_mulroney	985
desmond_harrington	986
devon_aoki	987
devon_gummersall	988
devoreaux-white	989
dewey_martin	990
diabolo	991
diana_lee_inosanto	992
diana_scarwid	993
diane_baker	994
diane_delano	995
diane_english	996
diane_keaton	997
diane_kruger	998
diane_sokolow	999
diane_stanley	1000
dick_oneill	1001
diedrich_bader	1002
dietrice_a_bolden	1003
dina-spybey	1004
dina_gardener	1005
director-ridley-scott	1006
dj_qualls	1007
djimon_hounsou	1008
dl_hughley	1009
domenica_scorsese	1010
dominic_colon	1011
dominic_sena	1012
dominic_west	1013
dominique_pinon	1014
dominique_swain	1015
domiziana_giordano	1016
don_bluth	1017
don_cheadle	1018
don_fischer	1019
don_haggerty	1020
don_hulbert	1021
don_lake	1022
don_mckellar	1023
don_mcmanus	1024
don_rickels	1025
don_rickles	1026
don_roos	1027
don_siegel	1028
don_sparks	1029
donal_logue	1030
donald_crisp	1031
donald_moffat	1032
donald_oconnor	1033
donald_petrie	1034
donald_sutherland	1035
donna-bullock	1036
donnie_wahlberg	1037
dorian_kingi	1038
doris_smith	1039
doro_merande	1040
dorothy_malone	1041
dorothy_patrick	1042
doug_hutchinson	1043
doug_hutchison	1044
doug_jones	1045
doug_liman	1046
doug_savant	1047
doug_silberstein	1048
douglas_fairbanks	1049
douglas_fowley	1050
douglas_henderson	1051
douglas_lambert	1052
dougray_scott	1053
dragan_micanovic	1054
drake_arden	1055
draper_shreeve	1056
drew_barrymore	1057
duane_lee_chapman_jr	1058
duane_martin	1059
dudley_moore	1060
dule_hill	1061
duncan-fraser	1062
duncan-lamont	1063
dustin_bollinger	1064
dustin_hoffman	1065
dustyn_arthurs	1066
dwight_frye	1067
dwight_h_little	1068
dwight_schultz	1069
dwight_yoakam	1070
dylan-mclaughlin	1071
dylan_baker	1072
dylan_carusona	1073
dylan_mcdermott	1074
eamonn_walker	1075
earl_c_poitier	1076
ed_anders	1077
ed_begley_jr	1078
ed_bishop	1079
ed_geldart	1080
ed_harris	1081
ed_lauter	1082
ed_oneill	1083
ed_oross	1084
ed_white	1085
eddie-redmayne	1086
eddie_bo_smith_jr	1087
eddie_cibrian	1088
eddie_conna	1089
eddie_griffin	1090
eddie_izzard	1091
eddie_kaye_thomas	1092
eddie_marsan	1093
eddie_martinez	1094
eddie_murphy	1095
eddie_velez	1096
edgar_allan_poe_iv	1097
edie_falco	1098
edie_mcclurg	1099
edmond_obrien	1100
edmund-lyndeck	1101
eduardo_arozamena	1102
eduardo_noriega	1103
edward_bunker	1104
edward_burns	1105
edward_fox	1106
edward_furlong	1107
edward_hearn	1108
edward_herrmann	1109
edward_jemison	1110
edward_norton	1111
edward_van_sloan	1112
edward_zwick	1113
edwin_j_mcdonough	1114
eijiro_tono	1115
eiko-miyoshi	1116
eileen-ryan	1117
eileen_stevens	1118
eion_bailey	1119
elaine_robinson	1120
elaine_stewart	1121
elden_henson	1122
elena_buda	1123
eli_marienthal	1124
eli_wallach	1125
elias_koteas	1126
elijah_wood	1127
elisabeth_shue	1128
elise_neal	1129
elisha_cook_jr	1130
elisha_cuthbert	1131
elizabeth_banks	1132
elizabeth_hoffman	1133
elizabeth_hurley	1134
elizabeth_lawrence	1135
elizabeth_mcgovern	1136
elizabeth_mitchell	1137
elizabeth_moyer	1138
elizabeth_pena	1139
elizabeth_peterson	1140
elizabeth_thomas	1141
ellen-albertini-dow	1142
ellen_barkin	1143
ellen_burstyn	1144
ellen_cleghorne	1145
ellen_degeneres	1146
ellen_lewis	1147
elliott_gould	1148
elpidia_carrillo	1149
elsa_lanchester	1150
elya_baskin	1151
embeth_davidtz	1152
emelie_jeffries	1153
emile_hirsch	1154
emilia_crow	1155
emilio_rivera	1156
emily_ann_lloyd	1157
emily_mortimer	1158
emily_watson	1159
emmy_rossum	1160
emory_parnell	1161
enrico_colantoni	1162
enzo_turrin	1163
eric_bogosian	1164
eric_bradley	1165
eric_idle	1166
eric_mabius	1167
eric_wilton	1168
erich_rathfelder	1169
erick_avari	1170
erik_per_sullivan	1171
erik_von_detten	1172
erika_christensen	1173
erinn_bartlett	1174
ernest_borgnine	1175
ernest_clark	1176
ernie_hudson_jr	1177
ernie_reyes_jr	1178
erwin_leder	1179
erykah_badu	1180
estelle_etterre	1181
estelle_harris	1182
ethan-embry	1183
ethan_coen	1184
ethan_erickson	1185
ethan_hawke	1186
ethan_suplee	1187
etienne_girardot	1188
eugene_choy	1189
eugene_levy	1190
eugene_lipinski	1191
eugene_roche	1192
eva_amurri	1193
eva_mendes	1194
evan_handler	1195
evan_parke	1196
evan_rachel_wood	1197
eve_brent_ashe	1198
eve_gordon	1199
evelyn_lopez	1200
ever_carradine	1201
everett_glass	1202
everett_mcgill	1203
everett_quinton	1204
ewan_mcgregor	1205
ewan_stewart	1206
ewen_bremner	1207
ewen_solon	1208
f_gary_gray	1209
f_murray_abraham	1210
f_william_parker	1211
faizon_love	1212
famke_janssen	1213
fannie_flagg	1214
farrah_fawcett	1215
faye_dunaway	1216
federique_feder	1217
felicity_huffman	1218
feodor_atkine	1219
fifi_donahue	1220
fionnula_flanagan	1221
flea	1222
flora_robson	1223
floyd_vanbuskirk	1224
forest_burton	1225
forest_whitaker	1226
forrest_landis	1227
forrest_norgaard	1228
forrester_harvey	1229
fran_drescher	1230
fran_kranz	1231
frances_bay	1232
frances_dade	1233
frances_e_nealy	1234
frances_fisher	1235
frances_mcdormand	1236
frances_oconnor	1237
francesca_annis	1238
francis_de_wolff	1239
francoise_dorleac	1240
francoise_yip	1241
frank-benson	1242
frank-pellegrino	1243
frank-sivero	1244
frank_burt_avalon	1245
frank_c_turner	1246
frank_collison	1247
frank_coraci	1248
frank_darabont	1249
frank_finlay	1250
frank_grimes	1251
frank_mcrae	1252
frank_oz	1253
frank_s_hagney	1254
frank_sinatra	1255
frank_vincent	1256
frank_whaley	1257
franka_potente	1258
frankie_faison	1259
franklin_j_schaffner	1260
fred_asparagus	1261
fred_burrell	1262
fred_dalton_thompson	1263
fred_ewanuick	1264
fred_vroom	1265
fred_ward	1266
fred_weller	1267
fred_willard	1268
freddie_highmore	1269
freddie_jones	1270
freddie_prinze_jr	1271
frederick_koehler	1272
frederick_vroom	1273
frederick_warder	1274
frederick_weller	1275
frederik_du_chau	1276
fredric_march	1277
fritz_fleischhacker	1278
fritz_leiber	1279
fritz_michel	1280
fulton_mackay	1281
fulvio_cecere	1282
gabriel_byrne	1283
gabriel_casseus	1284
gabriel_macht	1285
gabriel_mann	1286
gabriel_mick	1287
gabrielle_anwar	1288
gabrielle_rose	1289
gabrielle_union	1290
gaby-hoffmann	1291
gail_monian	1292
gail_ogrady	1293
ganjiro_nakamura	1294
garcelle-beauvaisnilon	1295
garnett_smith	1296
garr_stevens	1297
garret_dillahunt	1298
garrett_hedlund	1299
garry_marshall	1300
garry_shandling	1301
garwin_sanford	1302
gary-werntz	1303
gary_anthony_williams	1304
gary_basaraba	1305
gary_busey	1306
gary_cervantes	1307
gary_cole	1308
gary_dourdan	1309
gary_oldman	1310
gary_owens	1311
gary_sinise	1312
gary_toy	1313
gastone_rossilli	1314
gates_mcfadden	1315
gavin_lee	1316
gavin_wilkinson	1317
gd_spradlin	1318
gedde_watanabe	1319
gem_collingwood	1320
gemma_jones	1321
gena_rowlands	1322
gene_barry	1323
gene_hackman	1324
gene_kelly	1325
gene_lockhart	1326
geno_silva	1327
geoff_stults	1328
geoffrey_blake	1329
geoffrey_rush	1330
georgann_johnson	1331
george_chakiris	1332
george_clooney	1333
george_costigan	1334
george_coulouris	1335
george_epperson	1336
george_gallo	1337
george_grizzard	1338
george_kelly	1339
george_kennedy	1340
george_leonarpopoulas	1341
george_lopez	1342
george_lucas	1343
george_mcdaniel	1344
george_newbern	1345
george_orrison	1346
george_plimpton	1347
george_roy_hill	1348
george_sanders	1349
george_silver	1350
george_tobias	1351
george_w_bush	1352
george_wallace	1353
george_wendt	1354
george_zucco	1355
georgia_creighton	1356
georgie-glen	1357
georgina_hagerty	1358
geraldine_chaplin	1359
geraldine_fitzgerald	1360
geraldine_james	1361
geraldine_mcewan	1362
geraldine_quinn	1363
gerard_butler	1364
gerard_depardieu	1365
gerard_mcsorley	1366
gero_camilo	1367
gerritgraham	1368
giancarlo_esposito	1369
giancarlo_giannini	1370
gianni_russo	1371
gig_young	1372
gil_amelio	1373
gil_baretto	1374
gil_rankin	1375
gina_gershon	1376
giorgio_cantarini	1377
giovanni_ribisi	1378
gladys_george	1379
glen_campbell	1380
glen_cavender	1381
glen_chin	1382
glenn_close	1383
glenn_fitzgerald	1384
glenn_howerton	1385
glenn_morshower	1386
glenn_plummer	1387
glenn_shadix	1388
glenne_headly	1389
gloria_e_gifford	1390
gloria_lynne_henry	1391
gloria_stuart	1392
goldie_hawn	1393
gong_li	1394
goran_kostic	1395
goran_miraj_grbic	1396
gordana_vukres	1397
gordon_harker	1398
gore_verbinski	1399
grace_phillips	1400
grace_zabriskie	1401
grady_holder	1402
graeme_crowther	1403
graham_crowden	1404
graham_mcduff	1405
grayson-fricke	1406
greet_botterman	1407
greg-berg	1408
greg_germann	1409
greg_grunberg	1410
greg_joung_paik	1411
greg_kinnear	1412
gregory-dark	1413
gregory_edward_smith	1414
gregory_hoblit	1415
gregory_jbara	1416
gregory_peck	1417
gretchen_mol	1418
gugun_deep_singh	1419
guilia_florimo	1420
guillaume_canet	1421
gunilla_karlson	1422
gunnar_madsen	1423
gus_lynch	1424
gus_van_sant	1425
gustavo_sanchez_parra	1426
gutare	1427
guy_pearce	1428
guy_rennie	1429
guy_richardson	1430
guy_stevenson	1431
guy_torry	1432
guy_way	1433
gwen_verdon	1434
gwyneth_paltrow	1435
hal_landon_jr	1436
hal_scardino	1437
halcro_johnston	1438
haley_joel_osment	1439
hallee_hirsh	1440
hana_maria_pravda	1441
hank_azaria	1442
hank_mann	1443
hank_mccann	1444
hannah-lochner	1445
hans_gudegast	1446
harald_doornbos	1447
harley_cross	1448
harold_entwistle	1449
harold_gould	1450
harold_kasket	1451
harold_perrineau_jr	1452
harold_pinter	1453
harold_ramis	1454
harris_yulin	1455
harrison-young	1456
harrison_ford	1457
harry_connick_jr	1458
harry_davenport	1459
harry_dean_stanton	1460
harry_holcombe	1461
harry_j_vejar	1462
harry_jones	1463
harry_locke	1464
harry_monty	1465
harry_shearer	1466
harry_stanton	1467
harry_terry	1468
hart_bochner	1469
haruo_tanaka	1470
harve_presnell	1471
harvey_atkin	1472
harvey_jason	1473
harvey_keitel	1474
harvey_miller	1475
hattie_winston	1476
hawthorne_james	1477
hayao_miyazaki	1478
hayden_panettiere	1479
heath_ledger	1480
heather-burns	1481
heather_deloach	1482
heather_goldenhersh	1483
heather_graham	1484
heather_matarazzo	1485
heavy_d	1486
hector_elizondo	1487
heidi_levitt	1488
helen_chandler	1489
helen_goss	1490
helen_hunt	1491
helen_kleeb	1492
helen_mccrory	1493
helen_mirren	1494
helen_siff	1495
helena-bonham-carter	1496
helena_grant	1497
helene_whitney	1498
helga_line	1499
henrietta_mantooth	1500
henry_brown	1501
henry_caplan	1502
henry_cavill	1503
henry_czerny	1504
henry_koster	1505
henry_rowland	1506
henry_selick	1507
henry_silva	1508
herb_edelman	1509
herbert-bunston	1510
herbert_duncanson	1511
herbert_fux	1512
herbert_ross	1513
hilary_duff	1514
hilary_swank	1515
hill_harper	1516
hiro_koda	1517
ho_sung_pak	1518
holland_taylor	1519
holly_aird	1520
holly_hunter	1521
holt_mccallany	1522
holter_graham	1523
honorato_magaloni	1524
hope_davis	1525
horatio_sanz	1526
howard_hesseman	1527
howie_long	1528
hugh_bonneville	1529
hugh_grant	1530
hugh_oconor	1531
hugh_ross	1532
hugh_williams	1533
hume_cronyn	1534
humphrey_bogart	1535
hynden_walch	1536
iain_softley	1537
ian_ferrier	1538
ian_gomez	1539
ian_hart	1540
ian_holm	1541
ian_mckellen	1542
ian_mcneice	1543
ian_richardson	1544
ice_cube	1545
idalis_de_leon	1546
idina_menzel	1547
igor_jijikine	1548
illeana_douglas	1549
imelda_staunton	1550
imogen_bain	1551
india-ennenga	1552
indra_ove	1553
ingrid_bergman	1554
inna_korobkina	1555
international_velvet	1556
ioan_gruffudd	1557
ira-wheeler	1558
irene_dailey	1559
irene_jacob	1560
irene_lamb	1561
irina_voronina	1562
irma_p_hall	1563
irving_steinberg	1564
irwin_winkler	1565
isaac_hayes	1566
isaac_santiago	1567
isabel_de_castro	1568
isabel_lesto	1569
isabella_rossellini	1570
isabella_seibert	1571
isaiah_washington	1572
israel_juarbe	1573
istvan_szabo	1574
isuzu_yamada	1575
ivan_sergei	1576
ivana-milicevic	1577
ivargwema	1578
ivory_ocean	1579
izabella_miko	1580
j_smithcameron	1581
jacinda_barrett	1582
jack_angel	1583
jack_black	1584
jack_george	1585
jack_kehler	1586
jack_lemmon	1587
jack_mower	1588
jack_nance	1589
jack_nicholson	1590
jack_noseworthy	1591
jack_palance	1592
jack_wallace	1593
jack_warden	1594
jackie_chan	1595
jackie_davis	1596
jackie_gayle	1597
jackie_marks	1598
jacob_adams	1599
jacob_chambers	1600
jacob_rupp	1601
jacob_smith	1602
jacob_young	1603
jacquelen_singleton	1604
jacqueline-kim	1605
jacqueline_bassett	1606
jacqueline_bisset	1607
jacqueline_mckenzie	1608
jacqueline_obradors	1609
jacqueline_williams	1610
jacqueline_wright	1611
jacques_perrin	1612
jada_pinkett	1613
jaime-tirelli	1614
jaime_pressly	1615
jak_boon	1616
jake_beecham	1617
jake_busey	1618
jake_gyllenhaal	1619
jake_kasdan	1620
jake_weber	1621
jaleel_white	1622
jamal-joseph	1623
jamel_debbouze	1624
james-badge-dale	1625
james-cox	1626
james-young	1627
james_brolin	1628
james_caan	1629
james_cada	1630
james_cameron	1631
james_carville	1632
james_cromwell	1633
james_daly	1634
james_defelice	1635
james_denton	1636
james_dumont	1637
james_duval	1638
james_earl_jones	1639
james_eckhouse	1640
james_edwards	1641
james_fleet	1642
james_foley	1643
james_fox	1644
james_frain	1645
james_gandolfini	1646
james_gregory	1647
james_haggis	1648
james_hampton	1649
james_handy	1650
james_hong	1651
james_keach	1652
james_king	1653
james_kline	1654
james_l_brooks	1655
james_lally	1656
james_legros	1657
james_mainprize	1658
james_mangold	1659
james_marsden	1660
james_mcdaniel	1661
james_naughton	1662
james_pickens_jr	1663
james_pullman	1664
james_rebhorn	1665
james_reilly	1666
james_remar	1667
james_russo	1668
james_spader	1669
james_van_der_beek	1670
james_whitmore	1671
james_woods	1672
james_yagi	1673
jamey_sheridan	1674
jamia_simone_nash	1675
jamie_denbo	1676
jamie_denton	1677
jamie_harrold	1678
jamie_kennedy	1679
jamie_okeefe	1680
jan_de_bont	1681
jan_rabson	1682
jan_tice	1683
jan_triska	1684
jane-morris	1685
jane_alderman	1686
jane_alexander	1687
jane_anderson	1688
jane_birkin	1689
jane_campion	1690
jane_fonda	1691
jane_hoffman	1692
jane_hu	1693
jane_jenkins	1694
jane_seymour	1695
janeadamsii	1696
janeane_garofalo	1697
janet_leigh	1698
janine_davis	1699
janine_turner	1700
janmichael_vincent	1701
jared_harris	1702
jared_leto	1703
jarleth_conroy	1704
jasmine_pauline_wigfall	1705
jason_bateman	1706
jason_biggs	1707
jason_cottle	1708
jason_isaacs	1709
jason_patric	1710
jason_patrick_sands	1711
jason_robards	1712
jason_robards_jr	1713
jason_scott_lee	1714
jason_statham	1715
jason_weaver	1716
jay-roach	1717
jay_klaitz	1718
jay_leno	1719
jay_mohr	1720
jay_o_sanders	1721
jay_r_ferguson	1722
jay_thomas	1723
jayce_bartok	1724
jayne_atkinson	1725
jayne_eastwood	1726
jc_cutler	1727
jc_mackenzie	1728
jc_quinn	1729
jc_roberts	1730
jd_garfield	1731
je_freeman	1732
jean-willes	1733
jean_andren	1734
jean_cromie	1735
jean_hagen	1736
jean_reno	1737
jean_schertler	1738
jean_simmons	1739
jean_stapleton	1740
jeanclaude_brialy	1741
jeanette_kontomitras	1742
jeanlouis_trintignant	1743
jeanluc_godard	1744
jeanne_coyne	1745
jeanne_tripplehorn	1746
jeanpaul_belmondo	1747
jeanpierre_bacri	1748
jeanpierre_cassel	1749
jeanpierre_jeunet	1750
jeanpierre_lorit	1751
jeanyves_gautier	1752
jed-rees	1753
jeff_bennett	1754
jeff_bridges	1755
jeff_burton	1756
jeff_daniels	1757
jeff_doucette	1758
jeff_fishman	1759
jeff_goldblum	1760
jeff_kober	1761
jeff_moore	1762
jeff_podgurski	1763
jefferson-mappin	1764
jefferson_mays	1765
jeffrey_demunn	1766
jeffrey_howard	1767
jeffrey_jones	1768
jeffrey_m_meyer	1769
jeffrey_tambor	1770
jeffrey_wright	1771
jena_malone	1772
jenette_goldstein	1773
jenna-boyd	1774
jenna_elfman	1775
jenna_hurt	1776
jennifer-ellison	1777
jennifer-grant	1778
jennifer_aniston	1779
jennifer_beals	1780
jennifer_connelly	1781
jennifer_coolidge	1782
jennifer_esposito	1783
jennifer_garner	1784
jennifer_jason_leigh	1785
jennifer_lopez	1786
jennifer_love_hewitt	1787
jennifer_salt	1788
jennifer_saunders	1789
jenny_mccarthy	1790
jenny_ohara	1791
jenny_robertson	1792
jeremy-swift	1793
jeremy_davies	1794
jeremy_fitzgerald	1795
jeremy_irons	1796
jeremy_james_kissner	1797
jeremy_lloyd	1798
jeremy_northam	1799
jeremy_piven	1800
jeremy_ratchford	1801
jeremy_renner	1802
jeremy_roberts	1803
jeremy_zimmerman	1804
jernard_burks	1805
jerome_cowan	1806
jerry_gardner	1807
jerry_grayson	1808
jerry_nelson	1809
jerry_oconnell	1810
jerry_stiller	1811
jerry_swindall	1812
jerry_zaks	1813
jesika_cannon	1814
jessalyn-gilsig	1815
jesse_bradford	1816
jesse_eisenberg	1817
jesse_frechette	1818
jesse_james	1819
jesse_ventura	1820
jessica_pare	1821
jessica_stramer	1822
jessica_tandy	1823
jessica_vilchis	1824
jessica_walter	1825
jesus_ochoa	1826
jh_millington	1827
jill_bennett	1828
jill_flint	1829
jill_talley	1830
jillian_armenante	1831
jim-doughan	1832
jim-moody	1833
jim_breuer	1834
jim_broadbent	1835
jim_carrey	1836
jim_carter	1837
jim_caviezel	1838
jim_cummings	1839
jim_farley	1840
jim_frangione	1841
jim_gillespie	1842
jim_haynie	1843
jim_lampley	1844
jim_rash	1845
jim_towers	1846
jim_varney	1847
jimmy_bryant	1848
jimmy_smits	1849
jimmy_thompson	1850
jimmy_yuill	1851
jindai_joseph	1852
jj_barry	1853
jj_johnston	1854
jk_simmons	1855
joan_allen	1856
joan_cusack	1857
joan_douglas	1858
joan_lemmo	1859
joan_murphy	1860
joan_plowright	1861
joan_standing	1862
joanna_ernest	1863
joanna_gleason	1864
joanna_going	1865
joanna_lin_black	1866
joanna_woodliffe	1867
joanne_woodward	1868
joaquin_phoenix	1869
jodi_lyn_okeefe	1870
jodie_foster	1871
jodie_wilson	1872
joe-adams	1873
joe-ranft	1874
joe_badalucco	1875
joe_dangerio	1876
joe_don_baker	1877
joe_grifasi	1878
joe_guzaldo	1879
joe_ingoldsby	1880
joe_keaton	1881
joe_mantegna	1882
joe_marmo	1883
joe_morton	1884
joe_sabatino	1885
joe_sikora	1886
joe_torry	1887
joe_viterelli	1888
joe_zaloom	1889
joel_coen	1890
joel_duncan	1891
joel_kolker	1892
joel_mcnichol	1893
joel_schumacher	1894
joely_fisher	1895
joely_richardson	1896
joey_anaya	1897
joey_lauren_adams	1898
joey_miyashima	1899
joey_perillo	1900
john-cothran-jr	1901
john-m-watson-sr	1902
john-paul-macleod	1903
john-sumner	1904
john_abbott	1905
john_alderton	1906
john_aylward	1907
john_badham	1908
john_banner	1909
john_beasley	1910
john_benjamin_hickey	1911
john_boorman	1912
john_brandon	1913
john_c_mcginley	1914
john_c_reilly	1915
john_canoe	1916
john_carradine	1917
john_carroll_lynch	1918
john_carter	1919
john_cho	1920
john_christopher_jones	1921
john_corbett	1922
john_crowley	1923
john_cusack	1924
john_dahl	1925
john_de_santi	1926
john_de_santis	1927
john_diehl	1928
john_dodsworth	1929
john_doe	1930
john_ellison_conlee	1931
john_epperson	1932
john_ericson	1933
john_fallon	1934
john_fortune	1935
john_francis	1936
john_frankenheimer	1937
john_furlong	1938
john_g_avildsen	1939
john_gielgud	1940
john_goodman	1941
john_griffiths	1942
john_grillo	1943
john_hannah	1944
john_hardman	1945
john_heard	1946
john_hurt	1947
john_huston	1948
john_indrisano	1949
john_knox	1950
john_koyama	1951
john_krasinski	1952
john_landis	1953
john_lasseter	1954
john_lawrence	1955
john_le_mesurier	1956
john_leguizamo	1957
john_lithgow	1958
john_lone	1959
john_madden	1960
john_mahoney	1961
john_malkovich	1962
john_mallory_asher	1963
john_mccann	1964
john_mcconnell	1965
john_mcgiver	1966
john_mcgyver	1967
john_mcmartin	1968
john_mctiernan	1969
john_merivale	1970
john_michael_higgins	1971
john_moffatt	1972
john_morris	1973
john_neville	1974
john_noble	1975
john_p_ryan	1976
john_pankow	1977
john_pruitt	1978
john_randolph	1979
john_ratzenberger	1980
john_rhysdavies	1981
john_ritter	1982
john_schlesinger	1983
john_seitz	1984
john_sharian	1985
john_shrapnel	1986
john_slattery	1987
john_spencer	1988
john_spud_mcconnell	1989
john_sturges	1990
john_terry	1991
john_tolesbey	1992
john_travolta	1993
john_turturro	1994
john_ventimiglia	1995
john_w_falk	1996
john_w_momrow	1997
john_witherspoon	1998
john_woo	1999
johnathon_schaech	2000
johnny_depp	2001
johnny_galecki	2002
johnny_knoxville	2003
johnny_messner	2004
johnny_strong	2005
johnny_williams	2006
joi_lansing	2007
joliegh_pulsonetti	2008
jon_abrahams	2009
jon_amiel	2010
jon_favreau	2011
jon_glaser	2012
jon_heder	2013
jon_korkes	2014
jon_lovitz	2015
jon_polito	2016
jon_stewart	2017
jon_voight	2018
jonathan_d_ellis	2019
jonathan_demme	2020
jonathan_erich_drachenberg	2021
jonathan_eusebio	2022
jonathan_frakes	2023
jonathan_hyde	2024
jonathan_kitchen	2025
jonathan_kramer	2026
jonathan_phillips	2027
jonathan_pryce	2028
jonathan_rhys_meyers	2029
jonathan_valera	2030
jonathon_hill	2031
jordana_brewster	2032
jordi_molla	2033
joris_jarsky	2034
jose_ferrer	2035
jose_luis_tirado	2036
jose_zuniga	2037
josef_sommer	2038
joseph_chrest	2039
joseph_fiennes	2040
joseph_gordonlevitt	2041
joseph_mazzello	2042
joseph_ruben	2043
josephine_velez	2044
josh_brolin	2045
josh_hamilton	2046
josh_hartnett	2047
josh_lucas	2048
josh_mostel	2049
josh_richman	2050
josh_ryan_evans	2051
josh_stamberg	2052
joshua_cole	2053
joshua_jackson	2054
joshua_jaymz_doss	2055
joshua_malina	2056
joshua_ryan_evans	2057
joshua_shelley	2058
joy_bryant	2059
joyce_hyser	2060
joyce_walker_jospeh	2061
jr-bourne	2062
jr_horne	2063
jt_masters	2064
jt_walsh	2065
judd-omen	2066
jude_ciccolella	2067
jude_law	2068
judi_dench	2069
judith_ivey	2070
judith_jk_polson	2071
judith_paris	2072
judy_davis	2073
judy_greer	2074
judy_landon	2075
judy_parfitt	2076
jukka_hiltunen	2077
julanne_johnston	2078
juli_fields	2079
julia_roberts	2080
julia_stiles	2081
julia_sweeney	2082
julia_worsley	2083
julian_firth	2084
julian_poole	2085
julian_richings	2086
julian_sands	2087
julian_wadham	2088
julianne_moore	2089
julianne_nicholson	2090
julianne_steiger	2091
julie_adrianson_neary	2092
julie_andrews	2093
julie_benz	2094
julie_bovasso	2095
julie_christie	2096
julie_delpy	2097
julie_hagerty	2098
julie_payne	2099
julie_walters	2100
juliet_gough	2101
juliet_stevenson	2102
juliet_taylor	2103
juliette_binoche	2104
juliette_lewis	2105
julius-tannen	2106
june_chadwick	2107
justin-chatwin	2108
justin_bartha	2109
justin_long	2110
justin_lopez	2111
jw_smith	2112
k_todd_freeman	2113
kai-lennox	2114
kailin-see	2115
kaitlin-cullum	2116
kamatari_fujiwara	2117
kane_kosugi	2118
kaneung_nueng_kenla	2119
karel_roden	2120
karen_allen	2121
karen_black	2122
karen_lakritz	2123
karen_norris	2124
karin_konoval	2125
karina_arroyave	2126
karl_solis	2127
karwai-wong	2128
karyn_parsons	2129
kasi_lemmons	2130
kata_ivkovcic	2131
katarina_witt	2132
kate-mcgregor-stewart	2133
kate_beckinsale	2134
kate_bosworth	2135
kate_burton	2136
kate_colburn	2137
kate_hudson	2138
kate_jennings_grant	2139
kate_mcneil	2140
kate_nelligan	2141
kate_reinders	2142
kate_walsh	2143
kate_winslet	2144
katelin_henke	2145
katharine-alexander	2146
katharine_houghton	2147
katharine_towne	2148
katherine_alexander	2149
katherine_ferrand	2150
katherine_helmond	2151
katheryn_winnick	2152
kathleen_chalfant	2153
kathleen_freeman	2154
kathleen_marshall	2155
kathleen_quinlan	2156
kathryn_anderson	2157
kathryn_dunn	2158
kathy_baker	2159
kathy_bates	2160
kathy_najimy	2161
katia_caballero	2162
katie-lyons	2163
katie_chonacas	2164
katie_holmes	2165
katt_shea_ruben	2166
kawee_seng_sirikanerat	2167
keanu_reeves	2168
keir_odonnell	2169
keith_campbell	2170
keith_david	2171
keith_loneker	2172
kelly_hu	2173
kelly_lynch	2174
kelly_makin	2175
kelly_mcgillis	2176
kelly_preston	2177
kelly_ripa	2178
kelsey_grammer	2179
kelsey_mulrooney	2180
ken-leung	2181
ken_bethea	2182
ken_collins	2183
ken_garito	2184
ken_howard	2185
ken_jenkins	2186
ken_kerman	2187
ken_kwapis	2188
ken_magee	2189
ken_russell	2190
kenan_thompson	2191
kendall_cunningham	2192
kenneth_branagh	2193
kenneth_mcmillan	2194
kenneth_patterson	2195
kenneth_tsang	2196
kenneth_welsh	2197
kenny_ortega	2198
keri_russell	2199
kerri_kenney_silver	2200
kerry_washington	2201
kevin-bishop	2202
kevin_bacon	2203
kevin_clash	2204
kevin_corrigan	2205
kevin_grevioux	2206
kevin_hooks	2207
kevin_j_oconnor	2208
kevin_kline	2209
kevin_lima	2210
kevin_mccarthy	2211
kevin_mcdonald	2212
kevin_mcnally	2213
kevin_mcturk	2214
kevin_nash	2215
kevin_nealon	2216
kevin_peter_hall	2217
kevin_pollak	2218
kevin_reynolds	2219
kevin_schmidt	2220
kevin_spacey	2221
kevin_zegers	2222
khigh_dhiegh	2223
kichijiro_ueda	2224
kiefer_sutherland	2225
kiele-sanchez	2226
kieran_culkin	2227
kieron_moore	2228
kim-flowers	2229
kim_delaney	2230
kim_dickens	2231
kim_director	2232
kim_hunter	2233
kim_mariner	2234
kim_murphy	2235
kim_poirer	2236
kim_robillard	2237
kimberly-scott	2238
kimberly_peirce	2239
kimberly_williams	2240
kimursi	2241
kip-weeks	2242
kirk_baltz	2243
kirk_douglas	2244
kirsten_dunst	2245
kirsten_sheridan	2246
kirsty_tapp	2247
kit_gwin	2248
kk_dodds	2249
koji_mitsui	2250
kris_marshall	2251
kristanna_loken	2252
kristina_krepela	2253
krongthong_thampradith	2254
krzysztof_kieslowski	2255
kurt_fuller	2256
kurt_peterson	2257
kurt_russell	2258
kurtwood_smith	2259
kwesi_ameyaw	2260
kyle_chandler	2261
kyle_eastwood	2262
kyle_maclachlan	2263
kyoko_kagawa	2264
kyra_sedgwick	2265
l_warren_young	2266
la_na_shi	2267
laila_robins	2268
laird-stuart	2269
lamar_antwon_robinson	2270
lambert_wilson	2271
lana_clarkson	2272
lanae_sahs	2273
lance_henriksen	2274
lane_smith	2275
lanny_flaherty	2276
lara_cody	2277
larenz_tate	2278
larry_b_scott	2279
larry_drake	2280
larry_gates	2281
larry_miller	2282
lars_arentz_hansen	2283
laryssa_yanchak	2284
laura_dern	2285
laura_harrington	2286
laura_hounsom	2287
laura_innes	2288
laura_kirk	2289
laura_linney	2290
laura_margolis	2291
laura_mennel	2292
laura_mennell	2293
laure_marsac	2294
lauren_ambrose	2295
lauren_bacall	2296
lauren_calvert	2297
lauren_graham	2298
lauren_holly	2299
laurence_fishburne	2300
laurence_fox	2301
laurence_harvey	2302
laurence_olivier	2303
laurie_fortier	2304
laurie_metcalf	2305
laurie_soper	2306
leandra_gillis	2307
lee_evans	2308
lee_grant	2309
lee_jerova	2310
lee_marvin	2311
lee_patrick	2312
lee_sellers	2313
lee_tergesen	2314
lee_tung_foo	2315
leelee_sobieski	2316
leif_riddell	2317
leigh_daniels	2318
leigh_lawson	2319
leigh_spofford	2320
lejla_hadzimuratovic	2321
leland_orser	2322
len_cariou	2323
len_wiseman	2324
lena_olin	2325
lennie_bremen	2326
lenny_clarke	2327
lenny_loftin	2328
lenny_venito	2329
leo_burmester	2330
leo_cimino	2331
leo_g_carroll	2332
leon_herbert	2333
leon_iii_thomas	2334
leonard_bremen	2335
leonard_rossiter	2336
leonard_thomas	2337
leonardo_di_caprio	2338
leonor_silveira	2339
leos_carax	2340
les_mayfield	2341
lesley_ann_warren	2342
leslie_bibb	2343
leslie_cheung	2344
leslie_mann	2345
leslie_nielsen	2346
leslie_parrish	2347
leslie_stefanson	2348
leung_chiu_wai	2349
levarburton	2350
lewis_arquette	2351
lewis_j_stadlen	2352
lexi_alexander	2353
liam_neeson	2354
lidija_zovkic	2355
liesel_matthews	2356
liesl_dowsett	2357
liev_schreiber	2358
lil_kim	2359
lili_taylor	2360
lilian_hall_davis	2361
liliana-mumy	2362
liliane_montevecchi	2363
lillo_brancato_jr	2364
lily-knight	2365
lily_tomlin	2366
linda-emond	2367
linda_basset	2368
linda_bassett	2369
linda_cohn	2370
linda_davis	2371
linda_fiorentino	2372
linda_harrison	2373
linda_hart	2374
linda_hunt	2375
linda_kash	2376
linda_perri	2377
lindsay_anderson	2378
lindsay_frost	2379
lindsay_halladay	2380
lindsay_lohan	2381
lindsay_schmidt	2382
lindsey_stoddart	2383
lindy_booth	2384
linus_roache	2385
lionel_mark_smith	2386
lisa_ann_walter	2387
lisa_bonet	2388
lisa_edelstein	2389
lisa_gay_hamilton	2390
lisa_jakub	2391
lisa_kudrow	2392
lisa_mende	2393
lisa_pace	2394
lisa_roberts_gillan	2395
lisa_stevens	2396
lisa_zane	2397
liv_tyler	2398
liz_stauber	2399
ljubomir_kerekes	2400
ll_cool_j	2401
lloyd_corrigan	2402
lobo_chan	2403
lois_hall	2404
lois_smith	2405
lolita_davidovich	2406
lonnie_farmer	2407
lonny_chapman	2408
lord_tim_hudson	2409
loren_dean	2410
lorena_randi	2411
loretta_devine	2412
lori_heuring	2413
lori_tan_chinn	2414
lorna_thayer	2415
lorraine_stewart	2416
lorry_goldman	2417
lou_castel	2418
lou_diamond_phillips	2419
lou_frizzell	2420
lou_wagner	2421
louis_leterrier	2422
louis_lettieri	2423
louis_lombardi	2424
louis_prima	2425
louise_fletcher	2426
louise_lasser	2427
louise_lemoine_torres	2428
lowell_gilmore	2429
luc_besson	2430
lucas_black	2431
lucas_grabeel	2432
lucio_slama	2433
lucky_englander	2434
lucy_casson	2435
lucy_liu	2436
lucy_potter	2437
lucy_punch	2438
ludacris	2439
luis_gallo_mudarra	2440
luis_guzman	2441
luka_peros	2442
lukas_haas	2443
luke_greenfield	2444
luke_wilson	2445
lupe_ontiveros	2446
lupita_tovar	2447
luther_isler	2448
lyla_kay_owen	2449
lyle_lovett	2450
lynn-collins	2451
lynn_bernay	2452
lynn_redgrave	2453
lynn_whitfield	2454
m_emmet_walsh	2455
m_night_shyamalan	2456
macintyre_dixon	2457
mackenzie_astin	2458
macon_mccalman	2459
madame-spivy	2460
maddie-corman	2461
maddy_g_harris	2462
madeline_kahn	2463
madge_blake	2464
mae-whitman	2465
mae_clarke	2466
maggie_cheung	2467
maggie_q	2468
maggie_smith	2469
magnus_lindgren	2470
mako	2471
malaea_chona_jason	2472
malcolm_mcdowell	2473
malcom_danare	2474
malcom_scott	2475
malik_yoba	2476
mamie_gummer	2477
mandy_holliday	2478
manoel_deoliveira	2479
manuel-arbo	2480
manuel_padilla	2481
mara_hobel	2482
marc_blucas	2483
marc_miles	2484
marc_pickering	2485
marcel_iures	2486
marcel_simoneau	2487
marcello_mastroianni	2488
marco_rodriguez	2489
marcos-siega	2490
marcus_tesch	2491
marcus_thomas	2492
margaret_bert	2493
margaret_cho	2494
margaret_mason	2495
margaret_preece	2496
margery_beddow	2497
margo_martindale	2498
margot_moreland	2499
maria_arce	2500
maria_pitillo	2501
mariah_obrien	2502
marianne_plasteig	2503
marie_matiko	2504
marie_pillet	2505
marie_trintignant	2506
mariena_macguire	2507
marii_mak	2508
marilena_nicolaon	2509
marina_sirtis	2510
marinko-prga	2511
mario-machado	2512
mario-roberts	2513
marion_mack	2514
marion_ross	2515
marisa_paredes	2516
marisa_tayui	2517
marisa_tomei	2518
marisol_nichols	2519
mark-boone-jr	2520
mark_acheson	2521
mark_addy	2522
mark_carroll	2523
mark_chait	2524
mark_dacascos	2525
mark_feuerstein	2526
mark_hamill	2527
mark_harmon	2528
mark_herman	2529
mark_hyland	2530
mark_junior_boone	2531
mark_kubr	2532
mark_lindsay_chapman	2533
mark_margolis	2534
mark_mineart	2535
mark_pellegrino	2536
mark_pellington	2537
mark_rolston	2538
mark_ruffalo	2539
mark_sivertsen	2540
mark_valley	2541
mark_waters_viii	2542
mark_williams	2543
markus_redmond	2544
markymark	2545
marla_landi	2546
marla_scuharetza	2547
marley_shelton	2548
marlon_brando	2549
marlon_wayans	2550
marnie_edwards	2551
maro_uo_richmond	2552
marsha_hunt	2553
marshall_bell	2554
martha_plimpton	2555
martha_scott	2556
marthe_villalonga	2557
martin_balsam	2558
martin_clunes	2559
martin_gabel	2560
martin_henderson	2561
martin_kove	2562
martin_landau	2563
martin_lawrence	2564
martin_murphy	2565
martin_scorsese	2566
martin_sheen	2567
martin_short	2568
mary_astor	2569
mary_benoit	2570
mary_elizabeth_mastrantonio	2571
mary_ellen_obrien	2572
mary_gross	2573
mary_kay_place	2574
mary_lambert	2575
mary_lynn_rajskub	2576
mary_mccormack	2577
mary_murphy	2578
mary_seibel	2579
mary_steenburgen	2580
mary_stuart_masterson	2581
mary_tyler_moore	2582
maryam_pourian	2583
maryellen_owens	2584
marylouise_parker	2585
marypat_green	2586
mason_adams	2587
mason_gamble	2588
mather-zickel	2589
mathew_walker	2590
matt-walsh	2591
matt_birman	2592
matt_craven	2593
matt_damon	2594
matt_dillon	2595
matt_frewer	2596
matt_keeslar	2597
matt_lanter	2598
matt_malloy	2599
matt_otoole	2600
matt_ross	2601
matt_schulze	2602
matt_sigloch	2603
matthew-marsden	2604
matthew_broderick	2605
matthew_carey	2606
matthew_draper	2607
matthew_faber	2608
matthew_fahey	2609
matthew_glave	2610
matthew_harrison	2611
matthew_lillard	2612
matthew_marsh	2613
matthew_mcconaughey	2614
matthew_perry	2615
matthew_robbins	2616
matthew_settle	2617
matthew_walker	2618
maura_mcnamara	2619
maura_tierney	2620
maureen_ohara	2621
maurice_evans	2622
maury_chaykin	2623
max	2624
max_baker	2625
max_casella	2626
max_martini	2627
max_perlich	2628
max_thomas	2629
max_von_sydow	2630
maximilian_schell	2631
maye_henderson	2632
maynard_love	2633
mc_gainey	2634
meat_loaf	2635
meg_ryan	2636
megan_gallagher	2637
megan_klein	2638
megan_mullally	2639
mekhi_phifer	2640
mel_gibson	2641
mel_smith	2642
mel_winkler	2643
melanie_lynskey	2644
melanie_mayron	2645
melanie_perks	2646
melissa_chessington_leo	2647
melissa_sagemiller	2648
melora_walters	2649
melvil_poupaud	2650
mena_suvari	2651
mercedes_leggett	2652
merle_oberon	2653
merritt_bohn	2654
meryl_streep	2655
mia_kirshner	2656
micha-bergese	2657
michael-carmine-ii	2658
michael-j-reynolds	2659
michael-jenn	2660
michael_alldredge	2661
michael_apted	2662
michael_arkin	2663
michael_badalucco	2664
michael_barry	2665
michael_bay	2666
michael_beach	2667
michael_biehn	2668
michael_bowen	2669
michael_buscemi	2670
michael_caine	2671
michael_chaturantabut	2672
michael_clarke_duncan	2673
michael_copeman	2674
michael_corrente	2675
michael_cudlitz	2676
michael_cumpsty	2677
michael_dorn	2678
michael_douglas	2679
michael_drayer	2680
michael_gambon	2681
michael_gaston	2682
michael_gothard	2683
michael_greene	2684
michael_hawkins	2685
michael_higgins	2686
michael_hitchcock	2687
michael_hoffman	2688
michael_hui	2689
michael_j_pagan	2690
michael_jeter	2691
michael_keaton	2692
michael_lerner	2693
michael_madsen	2694
michael_mansbridge	2695
michael_masters	2696
michael_mckean	2697
michael_michele	2698
michael_mulcaster	2699
michael_nouri	2700
michael_okeefe	2701
michael_p_moran	2702
michael_palin	2703
michael_panes	2704
michael_para	2705
michael_pena	2706
michael_pitt	2707
michael_pressman	2708
michael_r_thorpe	2709
michael_radford	2710
michael_rapaport	2711
michael_rispoli	2712
michael_roderick_hammonds_iii	2713
michael_rogers	2714
michael_rooker	2715
michael_rougas	2716
michael_sacks	2717
michael_shannon	2718
michael_sheen	2719
michael_sky	2720
michael_small	2721
michael_spound	2722
michael_visaroff	2723
michael_willis	2724
michael_wincott	2725
michael_winterbottom	2726
michael_winther	2727
michael_york	2728
michel_blanc	2729
michel_francois	2730
michel_gondry	2731
michel_lonsdale	2732
michele_federer	2733
michelle_arthur	2734
michelle_borth	2735
michelle_monaghan	2736
michelle_pfeiffer	2737
michelle_rodriguez	2738
mick_jackson	2739
mickey_finn	2740
mickey_rourke	2741
miguel_ferrer	2742
miguel_sandoval	2743
mike_crestejo	2744
mike_donlin	2745
mike_dopud	2746
mike_figgis	2747
mike_mcglone	2748
mike_moroff	2749
mike_myers	2750
mike_nader	2751
mike_newell	2752
mike_nichols	2753
mike_starr	2754
mike_thurstlic	2755
mike_white	2756
mikhael_speidel	2757
mila_kunis	2758
miles_elkington	2759
miles_malleson	2760
miles_mander	2761
miles_western	2762
milla_jovovich	2763
millard_mitchell	2764
milos_forman	2765
mimi_dillard	2766
mimi_leder	2767
mina-badie	2768
mindy_sterling	2769
mingna-wen	2770
mingna_wen	2771
minna-gombell	2772
minnie_driver	2773
minoru_chiaki	2774
mira_sorvino	2775
miranda_otto	2776
miranda_richardson	2777
miriam_colon	2778
miriam_margolyes	2779
miriam_shor	2780
mischa_barton	2781
missi_pyle	2782
misty-upham	2783
miyoshi_jingu	2784
mladen_vulic	2785
mme_alice_ehlers	2786
mohammed_afifi	2787
moira_harris	2788
molly_basler	2789
molly_shannon	2790
molly_sims	2791
monica_bellucci	2792
monica_keena	2793
monica_potter	2794
monique_coleman	2795
monsignor_patrick_mcdowell	2796
monte_montague	2797
moon_carroll	2798
moray_watson	2799
morgan-york	2800
morgan_freeman	2801
morris_benmayor	2802
morris_chestnut	2803
murray-alper	2804
murray_melvin	2805
murry_hammond	2806
muse_watson	2807
musetta_vander	2808
mya_harrison	2809
mykelti_williamson	2810
myndy_crist	2811
myriam-cyr	2812
myriam_acharki	2813
nadia_dajani	2814
nancy_allen	2815
nancy_fish	2816
nancy_klopper	2817
nancy_wu	2818
nanni_moretti	2819
naomi_watts	2820
naomie_harris	2821
narrated_by_richard_dreyfuss	2822
nastassia_kinski	2823
natalie_canerday	2824
natalie_garza	2825
natalie_portman	2826
natascha_mcelhone	2827
natasha_gregson_wagner	2828
natasha_lyonne	2829
natasha_richardson	2830
natassia_malthe	2831
nathan-bexton	2832
nathan_clarke	2833
nathan_lane	2834
nathanielarcand	2835
natsuko_ohama	2836
neal_jones	2837
neal_mcdonough	2838
ned_beatty	2839
neil_jordan	2840
neil_labute	2841
neil_patrick_harris	2842
nell_campbell	2843
nell_carter	2844
nestor_paiva	2845
neve_campbell	2846
niall-buggy	2847
nicholas_downs	2848
nick-sandow	2849
nick_broomfield	2850
nick_cannon	2851
nick_cassavetes	2852
nick_cave	2853
nick_chinlund	2854
nick_hamm	2855
nick_nolte	2856
nick_park	2857
nicky-katt	2858
nicky_blair	2859
nicolas_cage	2860
nicolas_downs	2861
nicole_calfan	2862
nicole_holofcener	2863
nicole_kidman	2864
nicoletta_braschi	2865
nicolette_sheridan	2866
niecy_nash	2867
nigel-cole	2868
nigel_gibbs	2869
nigel_hawthorne	2870
nijiko_kiyokawa	2871
niki_caro	2872
nikki_ziering	2873
nils_allen_stewart	2874
nina_jacques	2875
nitin_ganatra	2876
noah_emmerich	2877
noah_taylor	2878
noah_wyle	2879
noam_pitlik	2880
noble_willingham	2881
nona_gaye	2882
nora_dunn	2883
nora_ephron	2884
noriyuki_morita	2885
norman_bennett	2886
norman_burton	2887
norman_leavitt	2888
novella_nelson	2889
nydia_rodriguez_terracina	2890
obba_babatunde	2891
oded_fehr	2892
olan-jones	2893
oleg_yankovskiy	2894
oleg_yankovsky	2895
olek_krupa	2896
olesya-rulin	2897
oliver_chopping	2898
oliver_platt	2899
oliver_reed	2900
oliver_stone	2901
olivia_wade	2902
olivia_williams	2903
omar-benson-miller	2904
omar_epps	2905
omero-mumba	2906
omid_djalili	2907
orestes_matacena	2908
orlando_jones	2909
orso-maria-guerrini	2910
owen_wilson	2911
pablo-alvarez-rubio	2912
pam_grier	2913
pamela_paytonwright	2914
paris_hilton	2915
parker_posey	2916
parris_buckner	2917
pascal_armand	2918
pascal_greggory	2919
pascal_langdale	2920
pat-flaherty	2921
pat-healy	2922
pat_e_johnson	2923
pat_morita	2924
pat_oconnor	2925
pat_omalley	2926
pat_simmons	2927
patcharawan_patarakijjanon	2928
paterson_joseph	2929
patricia_andrews	2930
patricia_arquette	2931
patricia_clarkson	2932
patricia_denise	2933
patricia_velazquez	2934
patrick_breen	2935
patrick_cranshaw	2936
patrick_dempsey	2937
patrick_laborteaux	2938
patrick_macnee	2939
patrick_maher	2940
patrick_malahide	2941
patrick_pinney	2942
patrick_renna	2943
patrick_stewart	2944
patrick_warburton	2945
patsy_kensit	2946
patti_lupone	2947
patti_yasutake	2948
patton_oswalt	2949
paul-rae	2950
paul_adelstein	2951
paul_anderson	2952
paul_benedict	2953
paul_benjamin	2954
paul_brooke	2955
paul_butcher	2956
paul_butler	2957
paul_calderon	2958
paul_costin	2959
paul_dano	2960
paul_dooley	2961
paul_espel	2962
paul_feig	2963
paul_froehler	2964
paul_giamatti	2965
paul_greengrass	2966
paul_guilfoyle	2967
paul_haggis	2968
paul_hipp	2969
paul_jabara	2970
paul_jasmin	2971
paul_l_smith	2972
paul_lambert	2973
paul_lazar	2974
paul_mazursky	2975
paul_mcgann	2976
paul_mcguigan	2977
paul_micha	2978
paul_michael_glaser	2979
paul_morrissey	2980
paul_nagle_jr	2981
paul_newman	2982
paul_perri	2983
paul_peterson	2984
paul_rudd	2985
paul_schrader	2986
paul_schulze	2987
paul_shaffer	2988
paul_shenar	2989
paul_thomas_anderson	2990
paul_walker	2991
paula_marshall	2992
pauley_perrette	2993
pauline_mclynn	2994
paulo_costanzo	2995
pauly_shore	2996
paz_de_la_huerta	2997
peewee_herman	2998
peg_small	2999
penelope_ann_miller	3000
penelope_cruz	3001
penelope_wilton	3002
penn_jillette	3003
pepe_serna	3004
peri_gilpin	3005
pete-antico	3006
pete_pellinen	3007
pete_postlethwaite	3008
peter-macdissi	3009
peter-maloney	3010
peter_billingsley	3011
peter_chelsom	3012
peter_clayton_luce	3013
peter_crombie	3014
peter_cushing	3015
peter_dennis	3016
peter_dinklage	3017
peter_donat	3018
peter_facinelli	3019
peter_falk	3020
peter_firth	3021
peter_gerety	3022
peter_gevisser	3023
peter_guinness	3024
peter_hall	3025
peter_jackson	3026
peter_jason	3027
peter_jeffrey	3028
peter_lorre	3029
peter_macneill	3030
peter_mullan	3031
peter_mullen	3032
peter_navy_tuiasosopo	3033
peter_riegert	3034
peter_sallis	3035
peter_sarsgaard	3036
peter_scalia	3037
peter_scolari	3038
peter_stormare	3039
peter_youngblood_hills	3040
petra_sprecher	3041
peyton_reed	3042
phil_alden_robinson	3043
phil_harris	3044
phil_jarrett	3045
phil_neilson	3046
phil_ridarelli	3047
philip-tan	3048
philip_baker_hall	3049
philip_bosco	3050
philip_catchpole	3051
philip_glenister	3052
philip_kaufman	3053
philip_peeples	3054
philip_proctor	3055
philip_seymour_hoffman	3056
philippe_deprez	3057
philippe_durand	3058
phillip_kushner	3059
phillip_noyce	3060
phoebe_cates	3061
phyllida_law	3062
phyllis-lyons	3063
phyllis_newman	3064
pia_driver	3065
pierce_brosnan	3066
pierre_arditi	3067
pip_torrens	3068
piper_laurie	3069
piper_perabo	3070
pippa_raine	3071
pj_hogan	3072
polly_walker	3073
portia_de_rossi	3074
pruitt_taylor_vince	3075
queen_latifah	3076
quentin_tarantino	3077
r_lee_ermey	3078
r_mahalakshmi_devaraj	3079
rachael_bella	3080
rachael_crocker	3081
rachael_leigh_cook	3082
rachel_blanchard	3083
rachel_covey	3084
rachel_griffiths	3085
rachel_roberts	3086
rachel_ticotin	3087
rachel_weisz	3088
radha_mitchell	3089
rah_digga	3090
ralph_broadbent	3091
ralph_brown	3092
ralph_dumke	3093
ralph_fiennes	3094
ralph_macchio	3095
ralph_meeker	3096
ralph_moeller	3097
ralph_waite	3098
ramin_karimloo	3099
ramon_woolfe	3100
rand_kennedy	3101
randall-duk-kim	3102
randall_arney	3103
randee_heller	3104
randi_pareira	3105
randy_redd	3106
randy_stone	3107
raoul_ruiz	3108
raoul_walsh	3109
raquel_beaudene	3110
raquel_welch	3111
raven-goodwin	3112
raweeporn_srimonju	3113
ray_baker	3114
ray_collins	3115
ray_liotta	3116
ray_mckinnon	3117
ray_spiker	3118
ray_stevenson	3119
ray_teal	3120
ray_thomas	3121
ray_walston	3122
ray_winstone	3123
raye_birk	3124
raymond_cruz	3125
raymond_johnson	3126
raynum_k_tsukamoto	3127
rc_ormond	3128
rd-reid	3129
rebecca_de_mornay	3130
rebecca_gayheart	3131
rebecca_pidgeon	3132
rebecca_spence	3133
rebekah_dobbins	3134
red_west	3135
reese_witherspoon	3136
reg-rogers	3137
reg_e_cathey	3138
reggie_nalder	3139
regina_king	3140
reginald_hudlin	3141
regis_philbin	3142
reiko_aylesworth	3143
remy_martyn	3144
rena_sofer	3145
rene_russo	3146
renee_zellweger	3147
renny_harlin	3148
reuben_cannon	3149
rex_downing	3150
rex_linn	3151
rg_armstrong	3152
rhett_miller	3153
rhoda-griffis	3154
rhona_mitra	3155
rhys_darby	3156
rhys_ifans	3157
rhys_williams	3158
ric_roman	3159
richard-clarke	3160
richard-eyer	3161
richard-stahl	3162
richard_allen	3163
richard_attenborough	3164
richard_bayliss	3165
richard_belzer	3166
richard_boone	3167
richard_bradford	3168
richard_briers	3169
richard_bright	3170
richard_burton	3171
richard_carlson	3172
richard_caselnova	3173
richard_cetrone	3174
richard_chamberlain	3175
richard_chaves	3176
richard_clifford	3177
richard_council	3178
richard_deacon	3179
richard_delmonte	3180
richard_e_grant	3181
richard_easton	3182
richard_edson	3183
richard_emory	3184
richard_farnsworth	3185
richard_fitzpatrick	3186
richard_gant	3187
richard_gere	3188
richard_griffiths	3189
richard_jaeckel	3190
richard_jeni	3191
richard_jenkins	3192
richard_jordan	3193
richard_lagravenese	3194
richard_le_pore	3195
richard_lester	3196
richard_lineback	3197
richard_linklater	3198
richard_norris	3199
richard_portnow	3200
richard_pryor	3201
richard_ridings	3202
richard_riehle	3203
richard_schiff	3204
richard_shepard	3205
richard_wasserman	3206
richard_widmark	3207
rick_gonzalez	3208
rick_moranis	3209
rick_rossovich	3210
rick_yune	3211
ricky_jay	3212
rini_bell	3213
risa_bramon_garcia	3214
rita_moreno	3215
rita_tushingham	3216
rita_wilson	3217
rj_parnell	3218
rob_brown	3219
rob_cohen	3220
rob_corddry	3221
rob_lowe	3222
rob_paulsen	3223
rob_reiner	3224
robbie_coltrane	3225
robby_gee	3226
robert-downey-sr	3227
robert-gunner	3228
robert-rj-jordan	3229
robert_aberdeen	3230
robert_altman	3231
robert_ben_garant	3232
robert_bruce	3233
robert_burke	3234
robert_burton	3235
robert_carlyle	3236
robert_de_niro	3237
robert_downey_jr	3238
robert_duvall	3239
robert_e_homans	3240
robert_gossett	3241
robert_harling	3242
robert_hays	3243
robert_hooks	3244
robert_iscove	3245
robert_john_burke	3246
robert_joy	3247
robert_keith	3248
robert_klein	3249
robert_knepper	3250
robert_l_gerlach	3251
robert_loggia	3252
robert_miano	3253
robert_middleton	3254
robert_miranda	3255
robert_mitchum	3256
robert_oreilly	3257
robert_patrick	3258
robert_patrick_benedict	3259
robert_picardo	3260
robert_prosky	3261
robert_purvis	3262
robert_redford	3263
robert_riordan	3264
robert_ryan	3265
robert_sean_leonard	3266
robert_stanton	3267
robert_townsend	3268
robert_wisdom	3269
robert_zemeckis	3270
roberto_benigni	3271
roberto_contreras	3272
robin_askwith	3273
robin_menken	3274
robin_sachs	3275
robin_thomas	3276
robin_tunney	3277
robin_williams	3278
robin_wright	3279
robyn_peterson	3280
rocky_carroll	3281
rod_ball	3282
rod_buchanan	3283
rod_la_rocque	3284
rod_steiger	3285
roddy_mcdowall	3286
roderick_hill	3287
rodney_dangerfield	3288
rodney_eastman	3289
rodolphe_pauly	3290
roel_failma	3291
roger_kumble	3292
roger_lloyd_pack	3293
roger_pretto	3294
roger_rees	3295
roland_culver	3296
roland_emmerich	3297
roland_joffe	3298
rolf_hoppe	3299
romaine_callender	3300
romulus_linney	3301
romy_windsor	3302
ron_canada	3303
ron_eldard	3304
ron_howard	3305
ron_leibman	3306
ron_perlman	3307
ron_rifkin	3308
ron_thomas	3309
ronald_g_joseph	3310
ronald_guttman	3311
ronald_selmour	3312
ronald_william_lawrence	3313
rondo_hatton	3314
ronnie-stevens	3315
ronny_cox	3316
rosalind_march	3317
rosanna_arquette	3318
rosario_dawson	3319
rose_byrne	3320
rose_mcgowan	3321
roselyn_sanchez	3322
rosemary_harris	3323
rosie_odonnell	3324
rosie_perez	3325
ross_mccutcheon	3326
ross_partridge	3327
rowdy_herrington	3328
roy_edward_disney	3329
roy_kinnear	3330
ruben_blades	3331
ruben_halse	3332
ruben_santiagohudson	3333
rudolf_martin	3334
rudolph_martin	3335
rufus_sewell	3336
rupaul	3337
rupert_everett	3338
rupert_penryjones	3339
russ_kunkel	3340
russell_collins	3341
russell_crowe	3342
russell_hornsby	3343
russell_means	3344
russell_sams	3345
russell_saunders	3346
rusty_schwimmer	3347
rutanya_alda	3348
ruth_white	3349
ryan_cowhey	3350
ryan_gesell	3351
ryan_hurst	3352
ryan_jenkins	3353
ryan_oneal	3354
ryan_phillippe	3355
ryan_reynolds	3356
ryan_simpkins	3357
ryne-sanborn	3358
sabine_azema	3359
sacha_baron_cohen	3360
saffron_burrows	3361
sage_coy	3362
said_taghmaoui	3363
sally_insul	3364
sally_jane_jackson	3365
sally_kirkland	3366
sally_potter	3367
sally_struthers	3368
sally_wingert	3369
salma_hayek	3370
salvator_xuereb	3371
sam-kydd	3372
sam_hearn	3373
sam_mendes	3374
sam_neill	3375
sam_raimi	3376
sam_robards	3377
sam_rockwell	3378
sam_rubin	3379
sam_scarber	3380
sam_shepard	3381
sam_spruell	3382
sam_waterston	3383
sam_weisman	3384
samantha_albert	3385
samantha_morton	3386
samantha_mumba	3387
sami_bouajila	3388
samia-shoaib	3389
samue_gough	3390
samuel_l_jackson	3391
samuel_le_bihan	3392
sandra_bullock	3393
sandra_ramirez	3394
sandra_thigpen	3395
sandy-helberg	3396
sandy-martin	3397
sandy_dennis	3398
sanela_seferagic	3399
santos_morales	3400
sanya_gai_cheunjit	3401
sara_devincentis	3402
sara_rue	3403
sarah-lind	3404
sarah_bolger	3405
sarah_carter	3406
sarah_frasca	3407
sarah_freeman	3408
sarah_jessica_parker	3409
sarah_michelle_gellar	3410
sarah_polley	3411
sarah_silverman	3412
sarah_stockbridge	3413
sarita_choudhury	3414
sarita_wooton	3415
sasa_dodik	3416
sascha_knopf	3417
sasha_alexander	3418
sasha_barrese	3419
saskia_mulder	3420
saul_rubinek	3421
saul_stein	3422
scarlett_johansson	3423
schuyler_standish	3424
scoot_mcnairy	3425
scott-g-anderson	3426
scott_caan	3427
scott_douglas	3428
scott_glenn	3429
scott_mcafee	3430
scott_speedman	3431
scott_strader	3432
scott_thompson	3433
scott_williamson	3434
scott_wilson	3435
scott_wolf	3436
scott_wyer	3437
sean-haberle	3438
sean_bean	3439
sean_connery	3440
sean_cory	3441
sean_mcginley	3442
sean_nelson	3443
sean_obryan	3444
sean_p_gorecki	3445
sean_patrick_flanery	3446
sean_patrick_thomas	3447
sean_penn	3448
sean_pertwee	3449
sean_skelton	3450
sean_stone	3451
sean_thibodeau	3452
sean_whalen	3453
sean_young	3454
seann_william_scott	3455
sebastian_cabot	3456
sebastien_torkia	3457
selma_blair	3458
semir_krivic	3459
seth_green	3460
seth_rogen	3461
setsuko_hara	3462
seymour_cassel	3463
shalom_harlow	3464
shane_black	3465
shane_brolly	3466
shane_kinsman	3467
shane_west	3468
shannon_cochran	3469
shannon_elizabeth	3470
shaobo_qin	3471
sharon-gans	3472
sharon_vaughn	3473
shaun-evansandrew	3474
shaun_flemming	3475
shaun_majumder	3476
shaun_toub	3477
shawn_ashmore	3478
shawn_hatosy	3479
shawn_pyfrom	3480
shawna_loyer	3481
shayne_wyler	3482
shea_whigham	3483
sheila_kelley	3484
sheila_mccarthy	3485
shekhar_kapur	3486
shelley-taylor-morgan	3487
shelley_duvall	3488
shelley_long	3489
shelley_winters	3490
sheriden_jones	3491
sherilyn_fenn	3492
sherry_lynn	3493
sheryl_lee	3494
shia_labeouf	3495
shiek_mahmudbey	3496
shirley_jean_rickert	3497
shirley_knight	3498
shirley_maclaine	3499
sian_martin	3500
sian_phillips	3501
sid_haig	3502
sidney_armus	3503
sidney_lumet	3504
sienna_guillory	3505
sigourney_weaver	3506
simon_callow	3507
simon_chandler	3508
simon_ward	3509
simon_wells	3510
simone_de_la_rue	3511
simone_huber	3512
siobhan_fallon	3513
siobhan_fallon_hogan	3514
siobhan_finneran	3515
siriaque	3516
sisqo	3517
sissy_spacek	3518
skeet_ulrich	3519
skeryongo	3520
skipp_sudduth	3521
skye-bennett	3522
slavko_stimac	3523
snezana_markovic	3524
snitz_edwards	3525
sofia_milos	3526
sofia_vergara	3527
sojin	3528
somboon_phutaroth	3529
somchai_santitarangkul	3530
somkuan_kuan_siroon	3531
sonny_landham	3532
sophia_hurdley	3533
sophia_loren	3534
sophia_myles	3535
sophie_louise_dann	3536
spalding_gray	3537
spencer_charters	3538
spencer_garrett	3539
spencer_tracy	3540
spencer_treat_clark	3541
spike_jonze	3542
spike_lee	3543
srecko_franovic	3544
stacey_dash	3545
stacey_travis	3546
stacy_a_hart	3547
stacy_keach	3548
staffan-kihlbom	3549
stanley_anderson	3550
stanley_brock	3551
stanley_desantis	3552
stanley_donen	3553
stanley_tong	3554
stanley_tucci	3555
stark_sands	3556
stefania-rocca	3557
stellan_skarsgrd	3558
stephanie_erb	3559
stephanie_roth	3560
stephanie_wahlstrom	3561
stephen-dunham	3562
stephen-root	3563
stephen_b_white	3564
stephen_baldwin	3565
stephen_berkeley	3566
stephen_dorff	3567
stephen_gaghan	3568
stephen_gevedon	3569
stephen_herek	3570
stephen_lang	3571
stephen_moyer	3572
stephen_rea	3573
stephen_sommers	3574
stephen_spinella	3575
stephen_t_kay	3576
stephen_tobolowsky	3577
sterling_hayden	3578
sterling_holloway	3579
steve_beck	3580
steve_buscemi	3581
steve_carlisle	3582
steve_cox	3583
steve_eastin	3584
steve_guttenberg	3585
steve_harvey	3586
steve_howey	3587
steve_martin	3588
steve_oedekerk	3589
steve_randazzo	3590
steve_rash	3591
steve_upton	3592
steve_whitmire	3593
steve_zahn	3594
steven-wright	3595
steven_anthony_lawrence	3596
steven_bauer	3597
steven_e_little	3598
steven_edward_hart	3599
steven_robertson	3600
steven_soderbergh	3601
steven_spielberg	3602
steven_weber	3603
stewart_granger	3604
stuart_holmes	3605
stuart_wilson	3606
sung_hi_lee	3607
susan-traylor	3608
susan_anspach	3609
susan_barnes	3610
susan_blommaert	3611
susan_egan	3612
susan_lynch	3613
susan_messing	3614
susan_sarandon	3615
susan_sullivan	3616
susan_ward	3617
susie_figgis	3618
suzanne-neve	3619
suzanne_dunn	3620
suzy_amis	3621
sven_ole_thorsen	3622
swoosie_kurtz	3623
sy_richardson	3624
sybil_danning	3625
sydney_greenstreet	3626
sylvester_stallone	3627
sylvia_miles	3628
symon_basterfield	3629
t_tom_marlow	3630
taj_tj_cross	3631
takashi_shimura	3632
talif_showers	3633
tamala_jones	3634
tamara_hope	3635
tamara_jenkins	3636
tamara_jones	3637
tamara_mello	3638
tamara_tunie	3639
tammy_blanchard	3640
tammy_lauren	3641
tania_saulnier	3642
tara_reid	3643
tate_donovan	3644
taylor_carlton	3645
taylor_hackford	3646
taylor_mead	3647
taylor_momsen	3648
taylor_negron	3649
tcheky_karyo	3650
te_russell	3651
tea_leoni	3652
ted_beniades	3653
ted_demme	3654
ted_levine	3655
ted_mcginley	3656
terence_fisher	3657
terence_kelly	3658
terence_stamp	3659
teri_garr	3660
terrence_howard	3661
terri_taylor	3662
terry_bradshaw	3663
terry_crews	3664
terry_gilliam	3665
terry_kelly	3666
terry_kinney	3667
terry_oquinn	3668
terry_zwigoff	3669
tess_cunningham	3670
tess_hall	3671
tess_harper	3672
tess_parker	3673
tex_konig	3674
thandie_newton	3675
thom_barry	3676
thomas-curtis	3677
thomas-f-duffy	3678
thomas_corey_robinson	3679
thomas_haden_church	3680
thomas_ian_nicholas	3681
thomas_jane	3682
thomas_kretschmann	3683
thomas_lennon	3684
thomas_lockyer	3685
thomas_luke_macfarlane	3686
thomas_mitchell	3687
thomas_rosales_jr	3688
thora_birch	3689
tico_wells	3690
tiffani_thiessen	3691
tiffaniamber_thiessen	3692
tiffany_addison	3693
til_schweiger	3694
tilda_swinton	3695
tilly_scott_pedersen	3696
tim_allen	3697
tim_blake_nelson	3698
tim_curry	3699
tim_dutton	3700
tim_guinee	3701
tim_kelleher	3702
tim_meadows	3703
tim_preece	3704
tim_robbins	3705
tim_roth	3706
tim_thomerson	3707
tim_woodward	3708
timothy_bagley	3709
timothy_bottoms	3710
timothy_dalton	3711
timothy_hutton	3712
timothy_kipling	3713
timothy_olyphant	3714
timothy_spall	3715
timothy_t_mitchum	3716
timothy_webster	3717
timothy_west	3718
tina_saint	3719
tina_scala	3720
tj_storm	3721
tobey_maguire	3722
toby_huss	3723
toby_jones	3724
tod_browning	3725
todd_field	3726
todd_graff	3727
todd_lookinland	3728
todd_louiso	3729
todd_robert_anderson	3730
tom_aldredge	3731
tom_arnold	3732
tom_berenger	3733
tom_bower	3734
tom_cruise	3735
tom_dey	3736
tom_everett	3737
tom_everett_scott	3738
tom_fadden	3739
tom_fridley	3740
tom_gilroy	3741
tom_hanks	3742
tom_harris	3743
tom_helmore	3744
tom_hollander	3745
tom_lowell	3746
tom_mcgowan	3747
tom_nawn	3748
tom_selleck	3749
tom_sizemore	3750
tom_skerritt	3751
tom_sturridge	3752
tom_tanscy	3753
tom_tiny_lister_jr	3754
tom_welling	3755
tom_wilkenson	3756
tomas_arana	3757
tomas_milian	3758
tommy_lee_jones	3759
tommy_ohaver	3760
toneloc	3761
toni_basil	3762
toni_collette	3763
tony_danza	3764
tony_darrow	3765
tony_goldwyn	3766
tony_hendra	3767
tony_isbert	3768
tony_leung_chiuwai	3769
tony_longo	3770
tony_mamet	3771
tony_odell	3772
tony_perez	3773
tony_scott	3774
tony_shalhoub	3775
torben_s_hansen	3776
tori_spelling	3777
tory-kittles	3778
toshiro_mifune	3779
travis_veada	3780
trevor_morgan	3781
tricia_deighton	3782
trisha_star_vargo	3783
tristan_keyte	3784
trivett_christina	3785
troy_garity	3786
tuc_watkins	3787
tuck_milligan	3788
tucker_smallwood	3789
ty_burrell	3790
ty_olsson	3791
ty_simpkins	3792
tyler-patrick-jones	3793
tyler_mcguckin	3794
tzi_ma	3795
ultra-violet	3796
ulysses_lee	3797
uma_thurman	3798
usher	3799
uwe_boll	3800
val_bisoglio	3801
val_kilmer	3802
valentina-cervi	3803
valentine_dyall	3804
valerie_cutko	3805
valerie_perrine	3806
vanessa-lee-chester	3807
vanessa_anne_hudgens	3808
vanessa_perroncel	3809
vanessa_redgrave	3810
vanessa_williams	3811
vera_farmiga	3812
vera_lockwood	3813
verna-felton	3814
vernon_dobtcheff	3815
vernon_p_downing	3816
vernon_vaughn	3817
veronica_cartwright	3818
veronica_lauren	3819
vicki_blue	3820
vicki_lewis	3821
vicnoto	3822
victor-campos	3823
victor-slezak	3824
victor_argo	3825
victor_garber	3826
victor_mcguire	3827
victor_millan	3828
victor_rasuk	3829
victor_rivers	3830
victor_verhaeghe	3831
victoria_abril	3832
victoria_brazier	3833
victoria_smurfit	3834
viggo_mortensen	3835
vin_diesel	3836
vince_vaughn	3837
vincent_cassel	3838
vincent_donofrio	3839
vincent_gallo	3840
vincent_gardenia	3841
vincent_pastore	3842
vincent_price	3843
vincent_schiavelli	3844
vincent_tulli	3845
vincenzo_nicoli	3846
ving_rhames	3847
vinnie_jones	3848
viola_davis	3849
virginia_christine	3850
virginia_madsen	3851
virginia_mccollam	3852
virginie_ledoyen	3853
viva	3854
viveka_davis	3855
vivian_pickles	3856
vlasta_vrana	3857
volker_schloendorff	3858
vyto_ruginis	3859
w_paul_bodie	3860
wallace_shawn	3861
walter_brennan	3862
walter_catlett	3863
walter_hampden	3864
walter_hill	3865
walter_huston	3866
walter_matthau	3867
walter_s_baldwin	3868
walter_sande	3869
walter_slezak	3870
walton_goggins	3871
wanda_sykes	3872
ward_bond	3873
warren-davis	3874
wayne_a_brown	3875
wayne_duvall	3876
wayne_knight	3877
wayne_wang	3878
weeratham_norman_wichairaksakul	3879
wendell-b-harris-jr	3880
wendy_braun	3881
wendy_crewson	3882
wendy_dickson	3883
wendy_hiller	3884
wentworth_miller	3885
werner_herzog	3886
wes_bentley	3887
wes_craven	3888
wesley_snipes	3889
whit_bissell	3890
whoopi_goldberg	3891
wilford_brimley	3892
will_denton	3893
will_ferrell	3894
will_knickerbocker	3895
will_mccormack	3896
will_patton	3897
will_sanderson	3898
will_smith	3899
willana_mack	3900
willem_dafoe	3901
william_atherton	3902
william_bassett	3903
william_challee	3904
william_dick	3905
william_dieterle	3906
william_fichtner	3907
william_friedkin	3908
william_h_bassett	3909
william_h_macy	3910
william_hickey	3911
william_hopper	3912
william_hurt	3913
william_l_petersen	3914
william_lee_scott	3915
william_lester	3916
william_lucking	3917
william_oleary	3918
william_richert	3919
william_sadler	3920
william_sadley	3921
william_stelling	3922
william_thourlby	3923
william_wyler	3924
william_zabka	3925
wilson_cruz	3926
wilson_wood	3927
wim_wenders	3928
winona_ryder	3929
wolfgang_petersen	3930
wolfgang_reitherman	3931
wonderful_smith	3932
wood_harris	3933
woodrow_parfrey	3934
woody_allen	3935
woody_harrelson	3936
wright_king	3937
xander_berkeley	3938
xantha_radley	3939
yancey_arias	3940
yeardley_smith	3941
yoshiko_kuga	3942
yoshio_iizuka	3943
yu_fujiki	3944
yunfat_chow	3945
yvette_bodrick	3946
zac_efron	3947
zach_grenier	3948
zach_page	3949
zachary_gordon	3950
zack_snyder	3951
zak_orth	3952
zan_marolt	3953
zane_buzby	3954
zdravko_kocevar	3955
zelda_tinska	3956
zeljko_ivanek	3957
zena-grey	3958
zhang_ziyi	3959
zita-gorog	3960
zoe-kazan	3961
zoe_saldana	3962
zooey_deschanel	3963
zully_montero	3964
